GEOID,INTPTLAT,INTPTLONG
97001,44.990353,-120.603979
97002,45.240266,-122.793562
97003,45.503723,-122.864778
97004,45.254962,-122.449377
97005,45.491442,-122.803977
97006,45.52598,-122.855888
97007,45.442813,-122.871155
97008,45.460435,-122.802481
97009,45.422994,-122.33277
97011,45.387422,-122.03674
97013,45.220824,-122.66828
97014,45.643396,-121.78935
97015,45.416832,-122.533128
97016,46.052109,-123.262509
97017,45.17301,-122.368645
97018,45.895793,-122.8109
97019,45.483077,-122.197499
97020,45.222642,-122.838847
97021,45.38544,-121.120556
97022,45.34695,-122.320789
97023,45.204013,-122.200657
97024,45.544172,-122.439611
97026,45.10466,-122.937725
97027,45.38565,-122.592827
97028,45.288449,-121.807281
97029,45.300418,-120.813181
97030,45.509906,-122.433165
97031,45.606785,-121.602322
97032,45.179495,-122.785599
97033,45.20048,-120.584073
97034,45.409482,-122.685688
97035,45.413604,-122.725285
97037,45.067048,-121.027621
97038,45.095438,-122.558954
97039,45.47118,-120.618953
97040,45.617111,-121.388115
97041,45.419804,-121.595831
97042,45.207722,-122.537224
97045,45.32027,-122.536512
97048,46.014428,-122.974795
97049,45.370656,-121.87327
97050,45.67358,-120.781632
97051,45.888686,-122.920711
97053,45.827979,-122.883286
97054,45.960809,-122.92737
97055,45.361095,-122.157888
97056,45.799552,-122.968869
97057,45.004221,-120.751607
97058,45.552489,-121.151799
97060,45.531438,-122.369068
97062,45.365223,-122.762255
97063,45.224901,-121.301127
97064,45.859072,-123.235466
97065,45.607642,-120.644619
97067,45.323983,-121.990434
97068,45.35176,-122.66902
97070,45.308221,-122.770991
97071,45.134193,-122.826491
97078,45.476351,-122.890808
97080,45.478314,-122.390727
97086,45.445315,-122.527925
97089,45.426416,-122.442992
97101,45.090196,-123.228702
97102,45.789443,-123.942252
97103,46.133332,-123.698965
97106,45.654355,-123.136366
97107,45.560392,-123.887436
97108,45.27423,-123.675455
97109,45.73774,-123.194646
97110,45.891846,-123.951183
97111,45.284527,-123.195204
97112,45.275046,-123.876355
97113,45.507876,-123.042958
97114,45.187855,-123.07657
97115,45.277412,-123.027127
97116,45.58087,-123.165766
97117,45.631941,-123.335885
97118,45.556365,-123.916492
97119,45.471666,-123.221412
97121,46.203716,-123.980834
97122,45.161351,-123.82578
97123,45.444372,-122.976426
97124,45.569212,-122.947174
97125,45.663043,-123.216945
97127,45.246263,-123.111527
97128,45.211741,-123.281699
97130,45.709809,-123.939245
97131,45.711395,-123.824481
97132,45.324219,-122.98733
97133,45.689392,-123.013035
97134,45.461766,-123.970593
97135,45.198351,-123.96152
97136,45.630587,-123.920772
97137,45.219509,-122.948493
97138,45.905454,-123.708754
97140,45.35308,-122.865845
97141,45.507531,-123.737139
97144,45.743491,-123.303052
97145,45.843727,-123.951648
97146,46.12514,-123.911368
97147,45.685584,-123.886127
97148,45.361441,-123.259852
97149,45.114174,-123.940737
97201,45.508551,-122.688283
97202,45.482012,-122.644451
97203,45.603552,-122.737916
97204,45.518371,-122.673946
97205,45.52009,-122.702169
97206,45.481598,-122.598295
97208,45.528666,-122.678981
97209,45.531124,-122.683951
97210,45.545484,-122.736853
97211,45.585627,-122.637259
97212,45.544256,-122.643248
97213,45.538194,-122.600014
97214,45.513962,-122.644031
97215,45.51505,-122.597392
97216,45.513946,-122.558527
97217,45.596784,-122.695414
97218,45.576236,-122.600873
97219,45.454561,-122.698989
97220,45.550787,-122.55956
97221,45.496555,-122.730453
97222,45.440273,-122.615888
97223,45.440313,-122.776565
97224,45.4057,-122.795689
97225,45.503213,-122.770315
97227,45.543951,-122.677075
97229,45.549242,-122.809952
97230,45.557757,-122.505268
97231,45.687599,-122.824178
97232,45.528929,-122.643927
97233,45.515275,-122.501999
97236,45.483,-122.512338
97239,45.489856,-122.690434
97258,45.513258,-122.675435
97266,45.482967,-122.557619
97267,45.408427,-122.612867
97301,44.951839,-123.006246
97302,44.903214,-123.064484
97303,45.030354,-123.023689
97304,45.006596,-123.111691
97305,45.015712,-122.929101
97306,44.842553,-123.093653
97310,44.875911,-122.974514
97317,44.902416,-122.906292
97321,44.65345,-123.139526
97322,44.627553,-123.017613
97324,44.33862,-123.62776
97325,44.833821,-122.85223
97326,44.637919,-123.665781
97327,44.375669,-122.947812
97329,44.371277,-122.289938
97330,44.647997,-123.259576
97331,44.56339,-123.281237
97333,44.468069,-123.293831
97335,44.637754,-122.880457
97336,44.356759,-122.850832
97338,44.93594,-123.339523
97341,44.819359,-124.043333
97342,44.736248,-121.879985
97343,44.575278,-123.751507
97344,44.868832,-123.465972
97345,44.411545,-122.578909
97346,44.769479,-122.378538
97347,45.078356,-123.659386
97348,44.383299,-123.122275
97350,44.658107,-121.987468
97351,44.811564,-123.127215
97352,44.749395,-123.027593
97355,44.532241,-122.821044
97357,44.753592,-123.825139
97358,44.81199,-122.399639
97360,44.750496,-122.482457
97361,44.778573,-123.326057
97362,45.062012,-122.75654
97364,44.998839,-123.986967
97365,44.671297,-124.030569
97366,44.581687,-124.047979
97367,44.914756,-123.974231
97368,45.024478,-123.903161
97369,44.76005,-124.056774
97370,44.564036,-123.453835
97371,44.99101,-123.189669
97373,45.057999,-122.77642
97374,44.69286,-122.774937
97375,44.986964,-122.598235
97376,44.498383,-123.975064
97377,44.46479,-123.103063
97378,45.084883,-123.422867
97380,44.786018,-123.929969
97381,44.93949,-122.720743
97383,44.79942,-122.722525
97384,44.791099,-122.620074
97385,44.865853,-122.72355
97386,44.359255,-122.727083
97388,44.86141,-124.005075
97389,44.53267,-123.090331
97390,44.355893,-123.862682
97391,44.58498,-123.884047
97392,44.795611,-122.930376
97394,44.398974,-124.016407
97396,45.104695,-123.548891
97401,44.067988,-123.080181
97402,44.047736,-123.230905
97403,44.035412,-123.052413
97404,44.105226,-123.133025
97405,43.953602,-123.155864
97406,42.615873,-124.021266
97408,44.144777,-123.058551
97410,42.801618,-123.11932
97411,43.058954,-124.346773
97412,44.204898,-123.547901
97413,44.053949,-121.945845
97414,42.967578,-124.1561
97415,42.13783,-124.133433
97416,43.037299,-123.695025
97417,42.927861,-123.230762
97419,44.189375,-123.412649
97420,43.321646,-124.113248
97423,43.185861,-124.17429
97424,43.746815,-123.053386
97426,43.89893,-123.029954
97429,42.967743,-123.054406
97430,44.155053,-123.711683
97431,43.869538,-122.84149
97432,43.104294,-123.429446
97434,43.621771,-122.702049
97435,43.690198,-123.327782
97436,43.641203,-123.604232
97437,44.099083,-123.38707
97438,43.944242,-122.682456
97439,44.073537,-124.0275
97441,43.751797,-124.166082
97442,42.774513,-123.423732
97443,43.250484,-123.004257
97444,42.440347,-124.327441
97446,44.260727,-123.054648
97447,43.277863,-122.49955
97448,44.210894,-123.279343
97449,43.563367,-124.040505
97450,42.908908,-124.374673
97451,43.853108,-123.307095
97452,43.874143,-122.750081
97453,43.980396,-123.848841
97454,44.218056,-122.819137
97455,43.968446,-122.919636
97456,44.343303,-123.355
97457,43.064515,-123.229468
97458,43.048844,-124.008543
97459,43.484217,-124.182735
97461,44.098217,-123.50546
97462,43.486928,-123.41831
97463,43.740681,-122.387167
97465,42.763528,-124.344696
97466,42.848945,-124.085233
97467,43.738923,-123.907887
97469,42.922217,-123.414579
97470,43.250675,-123.242411
97471,43.21907,-123.487894
97473,43.695903,-123.926275
97476,42.842229,-124.402796
97477,44.058465,-123.011597
97478,44.089101,-122.842296
97479,43.403453,-123.195668
97480,44.128086,-123.834021
97481,43.115279,-123.56598
97484,42.933641,-122.845947
97486,43.351827,-123.528154
97487,43.98889,-123.387027
97488,44.128572,-122.41733
97489,44.11146,-122.60682
97490,44.00792,-123.605229
97492,43.803071,-122.511876
97493,43.90624,-124.021487
97494,43.330557,-123.327782
97495,43.279709,-123.315219
97496,43.06649,-123.472778
97497,42.665711,-123.425469
97498,44.273368,-124.009002
97499,43.591682,-123.237036
97501,42.285719,-122.897451
97502,42.408501,-122.945913
97503,42.61278,-122.927484
97504,42.327554,-122.795849
97520,42.169559,-122.511785
97522,42.633855,-122.434112
97523,42.104177,-123.644584
97524,42.467469,-122.647705
97525,42.430826,-123.059798
97526,42.535611,-123.33838
97527,42.380766,-123.386568
97530,42.140549,-123.112437
97531,42.214588,-123.643812
97532,42.518364,-123.656431
97534,42.019254,-123.699385
97535,42.267976,-122.812339
97536,42.781908,-122.494698
97537,42.552527,-123.145949
97538,42.314375,-123.667583
97539,42.576427,-122.786224
97540,42.192697,-122.817256
97541,42.775669,-122.745061
97543,42.377249,-123.560325
97544,42.207015,-123.300113
97601,42.443391,-122.074145
97603,42.132624,-121.664612
97604,42.977733,-122.206736
97620,42.276396,-119.90391
97621,42.507326,-121.285253
97622,42.391276,-121.006931
97623,42.198886,-121.312645
97624,42.548425,-121.857036
97625,42.315005,-121.58392
97626,42.724827,-122.013961
97627,42.070151,-122.072244
97630,42.30592,-120.387701
97632,42.036014,-121.405479
97633,42.03414,-121.562829
97634,42.133341,-121.801035
97635,41.929992,-120.294195
97636,42.657898,-120.578432
97637,42.472998,-119.960274
97638,43.149706,-121.019853
97639,42.427453,-121.49483
97640,42.986303,-120.536402
97641,43.28819,-120.531731
97701,44.002218,-121.047186
97702,43.982794,-121.209726
97703,44.176389,-121.382887
97707,43.827196,-121.491039
97709,43.89761,-121.858579
97710,42.143383,-118.538755
97711,44.706235,-120.667902
97712,43.77784,-120.40625
97720,43.58683,-118.896086
97721,42.526347,-118.446082
97722,43.00734,-118.727222
97730,44.522652,-121.645373
97731,43.089622,-121.855238
97732,43.485397,-118.323574
97733,43.420396,-121.926184
97734,44.53136,-121.335136
97735,43.390117,-120.992389
97736,42.674267,-118.901909
97737,43.491312,-121.794082
97738,43.484058,-119.156461
97739,43.672452,-121.488187
97741,44.658094,-121.038736
97750,44.833779,-120.290466
97751,44.131635,-119.780362
97752,44.130545,-120.200874
97753,44.197715,-120.986093
97754,44.128712,-120.515361
97756,44.281132,-121.191819
97758,43.452633,-119.771285
97759,44.48994,-121.778037
97760,44.384504,-121.245576
97761,44.860771,-121.294898
97801,45.670768,-118.823501
97810,45.672446,-118.396069
97812,45.575157,-120.249832
97813,45.853015,-118.527975
97814,44.796293,-117.783263
97817,44.728774,-118.605957
97818,45.747916,-119.778647
97819,44.485996,-117.763025
97820,44.14382,-119.194763
97823,45.250865,-120.196512
97824,45.354846,-117.75713
97825,44.385126,-119.496273
97826,45.664296,-119.232316
97827,45.615978,-117.857558
97828,45.534674,-117.146773
97830,44.966685,-120.183147
97833,44.93718,-118.076498
97834,45.029675,-117.231861
97835,45.899223,-118.771941
97836,45.321152,-119.47462
97837,44.519548,-118.061902
97838,45.850974,-119.287822
97839,45.573379,-119.606853
97840,44.849569,-116.964657
97841,45.46824,-117.940325
97842,45.610676,-116.799565
97843,45.504563,-119.880612
97844,45.88415,-119.548836
97845,44.414445,-118.903752
97846,45.27778,-117.114947
97848,44.722177,-119.580554
97850,45.308936,-118.156042
97856,44.776928,-119.117972
97857,45.359256,-117.523204
97859,45.524729,-118.43192
97862,45.922063,-118.316063
97864,44.805075,-119.471458
97865,44.461466,-119.18004
97867,45.07808,-117.99341
97868,45.409305,-118.853578
97869,44.397563,-118.633979
97870,44.787989,-117.186563
97873,44.128299,-118.995005
97874,44.757809,-119.848465
97875,45.812193,-119.149201
97876,45.522336,-118.028055
97877,44.810954,-118.395946
97880,45.088669,-118.882506
97882,45.908316,-119.355712
97883,45.128645,-117.651842
97884,44.455341,-118.222235
97885,45.65051,-117.50977
97886,45.802308,-118.27241
97901,43.58859,-117.096202
97902,42.913311,-117.49413
97903,44.271554,-117.598441
97904,43.896394,-118.488251
97905,44.581872,-117.465428
97906,43.46499,-117.811858
97907,44.416136,-117.347033
97908,44.240035,-117.931435
97909,44.210938,-117.379018
97910,42.854644,-117.50912
97911,43.876359,-118.055059
97913,43.634378,-117.277911
97914,44.111552,-117.079858
97917,43.549479,-118.123502
97918,43.962589,-117.389698
97920,44.066001,-117.750402
