Code,Grouping,Classification,Specialization,Display Name
207K00000X,Allopathic & Osteopathic Physicians,Allergy & Immunology,,Allergy & Immunology Physician
207KA0200X,Allopathic & Osteopathic Physicians,Allergy & Immunology,Allergy,Allergy Physician
207KI0005X,Allopathic & Osteopathic Physicians,Allergy & Immunology,Clinical & Laboratory Immunology,Clinical & Laboratory Immunology (Allergy & Immunology) Physician
207L00000X,Allopathic & Osteopathic Physicians,Anesthesiology,,Anesthesiology Physician
207LA0401X,Allopathic & Osteopathic Physicians,Anesthesiology,Addiction Medicine,Addiction Medicine (Anesthesiology) Physician
207LC0200X,Allopathic & Osteopathic Physicians,Anesthesiology,Critical Care Medicine,Critical Care Medicine (Anesthesiology) Physician
207LH0002X,Allopathic & Osteopathic Physicians,Anesthesiology,Hospice and Palliative Medicine,Hospice and Palliative Medicine (Anesthesiology) Physician
207LP2900X,Allopathic & Osteopathic Physicians,Anesthesiology,Pain Medicine,Pain Medicine (Anesthesiology) Physician
207LP3000X,Allopathic & Osteopathic Physicians,Anesthesiology,Pediatric Anesthesiology,Pediatric Anesthesiology Physician
207LP4000X,Allopathic & Osteopathic Physicians,Anesthesiology,Physician Nutrition Specialist,Physician Nutrition Specialist (Anesthesiology)
208U00000X,Allopathic & Osteopathic Physicians,Clinical Pharmacology,,Clinical Pharmacology Physician
208C00000X,Allopathic & Osteopathic Physicians,Colon & Rectal Surgery,,Colon & Rectal Surgery Physician
207N00000X,Allopathic & Osteopathic Physicians,Dermatology,,Dermatology Physician
207NI0002X,Allopathic & Osteopathic Physicians,Dermatology,Clinical & Laboratory Dermatological Immunology,Clinical & Laboratory Dermatological Immunology Physician
207ND0900X,Allopathic & Osteopathic Physicians,Dermatology,Dermatopathology,Dermatopathology Physician
207ND0101X,Allopathic & Osteopathic Physicians,Dermatology,MOHS-Micrographic Surgery,MOHS-Micrographic Surgery Physician
207NP0225X,Allopathic & Osteopathic Physicians,Dermatology,Pediatric Dermatology,Pediatric Dermatology Physician
207NS0135X,Allopathic & Osteopathic Physicians,Dermatology,Procedural Dermatology,Procedural Dermatology Physician
207P00000X,Allopathic & Osteopathic Physicians,Emergency Medicine,,Emergency Medicine Physician
207PE0004X,Allopathic & Osteopathic Physicians,Emergency Medicine,Emergency Medical Services,Emergency Medical Services (Emergency Medicine) Physician
207PH0002X,Allopathic & Osteopathic Physicians,Emergency Medicine,Hospice and Palliative Medicine,Hospice and Palliative Medicine (Emergency Medicine) Physician
207PT0002X,Allopathic & Osteopathic Physicians,Emergency Medicine,Medical Toxicology,Medical Toxicology (Emergency Medicine) Physician
207PP0204X,Allopathic & Osteopathic Physicians,Emergency Medicine,Pediatric Emergency Medicine,Pediatric Emergency Medicine (Emergency Medicine) Physician
207PS0010X,Allopathic & Osteopathic Physicians,Emergency Medicine,Sports Medicine,Sports Medicine (Emergency Medicine) Physician
207PE0005X,Allopathic & Osteopathic Physicians,Emergency Medicine,Undersea and Hyperbaric Medicine,Undersea and Hyperbaric Medicine (Emergency Medicine) Physician
207Q00000X,Allopathic & Osteopathic Physicians,Family Medicine,,Family Medicine Physician
207QA0401X,Allopathic & Osteopathic Physicians,Family Medicine,Addiction Medicine,Addiction Medicine (Family Medicine) Physician
207QA0000X,Allopathic & Osteopathic Physicians,Family Medicine,Adolescent Medicine,Adolescent Medicine (Family Medicine) Physician
207QA0505X,Allopathic & Osteopathic Physicians,Family Medicine,Adult Medicine,Adult Medicine Physician
207QD0401X,Allopathic & Osteopathic Physicians,Family Medicine,Diabetology,Diabetology (Family Medicine) Physician
207QG0300X,Allopathic & Osteopathic Physicians,Family Medicine,Geriatric Medicine,Geriatric Medicine (Family Medicine) Physician
207QH0002X,Allopathic & Osteopathic Physicians,Family Medicine,Hospice and Palliative Medicine,Hospice and Palliative Medicine (Family Medicine) Physician
207QB0002X,Allopathic & Osteopathic Physicians,Family Medicine,Obesity Medicine,Obesity Medicine (Family Medicine) Physician
207QP0002X,Allopathic & Osteopathic Physicians,Family Medicine,Physician Nutrition Specialist,Physician Nutrition Specialist (Family Medicine)
207QS1201X,Allopathic & Osteopathic Physicians,Family Medicine,Sleep Medicine,Sleep Medicine (Family Medicine) Physician
207QS0010X,Allopathic & Osteopathic Physicians,Family Medicine,Sports Medicine,Sports Medicine (Family Medicine) Physician
208D00000X,Allopathic & Osteopathic Physicians,General Practice,,General Practice Physician
208M00000X,Allopathic & Osteopathic Physicians,Hospitalist,,Hospitalist Physician
207R00000X,Allopathic & Osteopathic Physicians,Internal Medicine,,Internal Medicine Physician
207RA0401X,Allopathic & Osteopathic Physicians,Internal Medicine,Addiction Medicine,Addiction Medicine (Internal Medicine) Physician
207RA0000X,Allopathic & Osteopathic Physicians,Internal Medicine,Adolescent Medicine,Adolescent Medicine (Internal Medicine) Physician
207RA0002X,Allopathic & Osteopathic Physicians,Internal Medicine,Adult Congenital Heart Disease,Adult Congenital Heart Disease Physician
207RA0001X,Allopathic & Osteopathic Physicians,Internal Medicine,Advanced Heart Failure and Transplant Cardiology,Advanced Heart Failure and Transplant Cardiology Physician
207RA0201X,Allopathic & Osteopathic Physicians,Internal Medicine,Allergy & Immunology,Allergy & Immunology (Internal Medicine) Physician
207RC0000X,Allopathic & Osteopathic Physicians,Internal Medicine,Cardiovascular Disease,Cardiovascular Disease Physician
207RI0001X,Allopathic & Osteopathic Physicians,Internal Medicine,Clinical & Laboratory Immunology,Clinical & Laboratory Immunology (Internal Medicine) Physician
207RC0001X,Allopathic & Osteopathic Physicians,Internal Medicine,Clinical Cardiac Electrophysiology,Clinical Cardiac Electrophysiology Physician
207RC0200X,Allopathic & Osteopathic Physicians,Internal Medicine,Critical Care Medicine,Critical Care Medicine (Internal Medicine) Physician
207QB0505X,Allopathic & Osteopathic Physicians,Internal Medicine,Diabetology,Diabetology (Internal Medicine) Physician
207RE0101X,Allopathic & Osteopathic Physicians,Internal Medicine,"Endocrinology, Diabetes & Metabolism","Endocrinology, Diabetes & Metabolism Physician"
207RG0100X,Allopathic & Osteopathic Physicians,Internal Medicine,Gastroenterology,Gastroenterology Physician
207RG0300X,Allopathic & Osteopathic Physicians,Internal Medicine,Geriatric Medicine,Geriatric Medicine (Internal Medicine) Physician
207RH0000X,Allopathic & Osteopathic Physicians,Internal Medicine,Hematology,Hematology (Internal Medicine) Physician
207RH0003X,Allopathic & Osteopathic Physicians,Internal Medicine,Hematology & Oncology,Hematology & Oncology Physician
207RI0008X,Allopathic & Osteopathic Physicians,Internal Medicine,Hepatology,Hepatology Physician
207RH0002X,Allopathic & Osteopathic Physicians,Internal Medicine,Hospice and Palliative Medicine,Hospice and Palliative Medicine (Internal Medicine) Physician
207RH0005X,Allopathic & Osteopathic Physicians,Internal Medicine,Hypertension Specialist,Hypertension Specialist Physician
207RI0200X,Allopathic & Osteopathic Physicians,Internal Medicine,Infectious Disease,Infectious Disease Physician
207RI0011X,Allopathic & Osteopathic Physicians,Internal Medicine,Interventional Cardiology,Interventional Cardiology Physician
207RM1200X,Allopathic & Osteopathic Physicians,Internal Medicine,Magnetic Resonance Imaging (MRI),Magnetic Resonance Imaging (MRI) Internal Medicine Physician
207RX0202X,Allopathic & Osteopathic Physicians,Internal Medicine,Medical Oncology,Medical Oncology Physician
207RN0300X,Allopathic & Osteopathic Physicians,Internal Medicine,Nephrology,Nephrology Physician
207RB0002X,Allopathic & Osteopathic Physicians,Internal Medicine,Obesity Medicine,Obesity Medicine (Internal Medicine) Physician
207RP1002X,Allopathic & Osteopathic Physicians,Internal Medicine,Physician Nutrition Specialist,Physician Nutrition Specialist (Internal Medicine)
207RP1001X,Allopathic & Osteopathic Physicians,Internal Medicine,Pulmonary Disease,Pulmonary Disease Physician
207RR0500X,Allopathic & Osteopathic Physicians,Internal Medicine,Rheumatology,Rheumatology Physician
207RS0012X,Allopathic & Osteopathic Physicians,Internal Medicine,Sleep Medicine,Sleep Medicine (Internal Medicine) Physician
207RS0010X,Allopathic & Osteopathic Physicians,Internal Medicine,Sports Medicine,Sports Medicine (Internal Medicine) Physician
207RT0003X,Allopathic & Osteopathic Physicians,Internal Medicine,Transplant Hepatology,Transplant Hepatology Physician
207SG0202X,Allopathic & Osteopathic Physicians,Medical Genetics,Clinical Biochemical Genetics,Clinical Biochemical Genetics Physician
207SC0300X,Allopathic & Osteopathic Physicians,Medical Genetics,Clinical Cytogenetics,Clinical Cytogenetics Physician
207SG0201X,Allopathic & Osteopathic Physicians,Medical Genetics,Clinical Genetics (M.D.),Clinical Genetics (M.D.) Physician
207SG0203X,Allopathic & Osteopathic Physicians,Medical Genetics,Clinical Molecular Genetics,Clinical Molecular Genetics Physician
207SG0207X,Allopathic & Osteopathic Physicians,Medical Genetics,Medical Biochemical Genetics,Medical Biochemical Genetics
207SM0001X,Allopathic & Osteopathic Physicians,Medical Genetics,Molecular Genetic Pathology,Molecular Genetic Pathology (Medical Genetics) Physician
207SG0205X,Allopathic & Osteopathic Physicians,Medical Genetics,Ph.D. Medical Genetics,Ph.D. Medical Genetics Physician
207T00000X,Allopathic & Osteopathic Physicians,Neurological Surgery,,Neurological Surgery Physician
207U00000X,Allopathic & Osteopathic Physicians,Nuclear Medicine,,Nuclear Medicine Physician
207UN0903X,Allopathic & Osteopathic Physicians,Nuclear Medicine,In Vivo & In Vitro Nuclear Medicine,In Vivo & In Vitro Nuclear Medicine Physician
207UN0901X,Allopathic & Osteopathic Physicians,Nuclear Medicine,Nuclear Cardiology,Nuclear Cardiology Physician
207UN0902X,Allopathic & Osteopathic Physicians,Nuclear Medicine,Nuclear Imaging & Therapy,Nuclear Imaging & Therapy Physician
207V00000X,Allopathic & Osteopathic Physicians,Obstetrics & Gynecology,,Obstetrics & Gynecology Physician
207VC0300X,Allopathic & Osteopathic Physicians,Obstetrics & Gynecology,Complex Family Planning,Complex Family Planning Physician
207VC0200X,Allopathic & Osteopathic Physicians,Obstetrics & Gynecology,Critical Care Medicine,Critical Care Medicine (Obstetrics & Gynecology) Physician
207VF0040X,Allopathic & Osteopathic Physicians,Obstetrics & Gynecology,Urogynecology and Reconstructive Pelvic Surgery,Urogynecology and Reconstructive Pelvic Surgery (Obstetrics & Gynecology) Physician
207VX0201X,Allopathic & Osteopathic Physicians,Obstetrics & Gynecology,Gynecologic Oncology,Gynecologic Oncology Physician
207VG0400X,Allopathic & Osteopathic Physicians,Obstetrics & Gynecology,Gynecology,Gynecology Physician
207VH0002X,Allopathic & Osteopathic Physicians,Obstetrics & Gynecology,Hospice and Palliative Medicine,Hospice and Palliative Medicine (Obstetrics & Gynecology) Physician
207VM0101X,Allopathic & Osteopathic Physicians,Obstetrics & Gynecology,Maternal & Fetal Medicine,Maternal & Fetal Medicine Physician
207VB0002X,Allopathic & Osteopathic Physicians,Obstetrics & Gynecology,Obesity Medicine,Obesity Medicine (Obstetrics & Gynecology) Physician
207VX0000X,Allopathic & Osteopathic Physicians,Obstetrics & Gynecology,Obstetrics,Obstetrics Physician
207VE0102X,Allopathic & Osteopathic Physicians,Obstetrics & Gynecology,Reproductive Endocrinology,Reproductive Endocrinology Physician
207W00000X,Allopathic & Osteopathic Physicians,Ophthalmology,,Ophthalmology Physician
207WX0120X,Allopathic & Osteopathic Physicians,Ophthalmology,Cornea and External Diseases Specialist,Cornea and External Diseases Specialist Physician
207WX0009X,Allopathic & Osteopathic Physicians,Ophthalmology,Glaucoma Specialist,Glaucoma Specialist (Ophthalmology) Physician
207WX0109X,Allopathic & Osteopathic Physicians,Ophthalmology,Neuro-ophthalmology,Neuro-ophthalmology Physician
207WX0200X,Allopathic & Osteopathic Physicians,Ophthalmology,Ophthalmic Plastic and Reconstructive Surgery,Ophthalmic Plastic and Reconstructive Surgery Physician
207WX0110X,Allopathic & Osteopathic Physicians,Ophthalmology,Pediatric Ophthalmology and Strabismus Specialist,Pediatric Ophthalmology and Strabismus Specialist Physician
207WX0107X,Allopathic & Osteopathic Physicians,Ophthalmology,Retina Specialist,Retina Specialist (Ophthalmology) Physician
207WX0108X,Allopathic & Osteopathic Physicians,Ophthalmology,Uveitis and Ocular Inflammatory Disease,Uveitis and Ocular Inflammatory Disease (Ophthalmology) Physician
207X00000X,Allopathic & Osteopathic Physicians,Orthopaedic Surgery,,Orthopaedic Surgery Physician
207XS0114X,Allopathic & Osteopathic Physicians,Orthopaedic Surgery,Adult Reconstructive Orthopaedic Surgery,Adult Reconstructive Orthopaedic Surgery Physician
207XX0004X,Allopathic & Osteopathic Physicians,Orthopaedic Surgery,Foot and Ankle Surgery,Orthopaedic Foot and Ankle Surgery Physician
207XS0106X,Allopathic & Osteopathic Physicians,Orthopaedic Surgery,Hand Surgery,Orthopaedic Hand Surgery Physician
207XS0117X,Allopathic & Osteopathic Physicians,Orthopaedic Surgery,Orthopaedic Surgery of the Spine,Orthopaedic Surgery of the Spine Physician
207XX0801X,Allopathic & Osteopathic Physicians,Orthopaedic Surgery,Orthopaedic Trauma,Orthopaedic Trauma Physician
207XP3100X,Allopathic & Osteopathic Physicians,Orthopaedic Surgery,Pediatric Orthopaedic Surgery,Pediatric Orthopaedic Surgery Physician
207XX0005X,Allopathic & Osteopathic Physicians,Orthopaedic Surgery,Sports Medicine,Sports Medicine (Orthopaedic Surgery) Physician
207Y00000X,Allopathic & Osteopathic Physicians,Otolaryngology,,Otolaryngology Physician
207YS0123X,Allopathic & Osteopathic Physicians,Otolaryngology,Facial Plastic Surgery,Facial Plastic Surgery Physician
207YX0602X,Allopathic & Osteopathic Physicians,Otolaryngology,Otolaryngic Allergy,Otolaryngic Allergy Physician
207YX0905X,Allopathic & Osteopathic Physicians,Otolaryngology,Otolaryngology/Facial Plastic Surgery,Otolaryngology/Facial Plastic Surgery Physician
207YX0901X,Allopathic & Osteopathic Physicians,Otolaryngology,Otology & Neurotology,Otology & Neurotology Physician
207YP0228X,Allopathic & Osteopathic Physicians,Otolaryngology,Pediatric Otolaryngology,Pediatric Otolaryngology Physician
207YX0007X,Allopathic & Osteopathic Physicians,Otolaryngology,Plastic Surgery within the Head & Neck,Plastic Surgery within the Head & Neck (Otolaryngology) Physician
207YS0012X,Allopathic & Osteopathic Physicians,Otolaryngology,Sleep Medicine,Sleep Medicine (Otolaryngology) Physician
208VP0014X,Allopathic & Osteopathic Physicians,Pain Medicine,Interventional Pain Medicine,Interventional Pain Medicine Physician
208VP0000X,Allopathic & Osteopathic Physicians,Pain Medicine,Pain Medicine,Pain Medicine Physician
207ZP0101X,Allopathic & Osteopathic Physicians,Pathology,Anatomic Pathology,Anatomic Pathology Physician
207ZP0102X,Allopathic & Osteopathic Physicians,Pathology,Anatomic Pathology & Clinical Pathology,Anatomic Pathology & Clinical Pathology Physician
207ZB0001X,Allopathic & Osteopathic Physicians,Pathology,Blood Banking & Transfusion Medicine,Blood Banking & Transfusion Medicine Physician
207ZP0104X,Allopathic & Osteopathic Physicians,Pathology,Chemical Pathology,Chemical Pathology Physician
207ZC0008X,Allopathic & Osteopathic Physicians,Pathology,Clinical Informatics,Clinical Informatics (Pathology) Physician
207ZC0006X,Allopathic & Osteopathic Physicians,Pathology,Clinical Pathology,Clinical Pathology Physician
207ZP0105X,Allopathic & Osteopathic Physicians,Pathology,Clinical Pathology/Laboratory Medicine,Clinical Pathology/Laboratory Medicine Physician
207ZC0500X,Allopathic & Osteopathic Physicians,Pathology,Cytopathology,Cytopathology Physician
207ZD0900X,Allopathic & Osteopathic Physicians,Pathology,Dermatopathology,Dermatopathology (Pathology) Physician
207ZF0201X,Allopathic & Osteopathic Physicians,Pathology,Forensic Pathology,Forensic Pathology Physician
207ZH0000X,Allopathic & Osteopathic Physicians,Pathology,Hematology,Hematology (Pathology) Physician
207ZI0100X,Allopathic & Osteopathic Physicians,Pathology,Immunopathology,Immunopathology Physician
207ZM0300X,Allopathic & Osteopathic Physicians,Pathology,Medical Microbiology,Medical Microbiology Physician
207ZP0007X,Allopathic & Osteopathic Physicians,Pathology,Molecular Genetic Pathology,Molecular Genetic Pathology (Pathology) Physician
207ZN0500X,Allopathic & Osteopathic Physicians,Pathology,Neuropathology,Neuropathology Physician
207ZP0213X,Allopathic & Osteopathic Physicians,Pathology,Pediatric Pathology,Pediatric Pathology Physician
208000000X,Allopathic & Osteopathic Physicians,Pediatrics,,Pediatrics Physician
2080A0000X,Allopathic & Osteopathic Physicians,Pediatrics,Adolescent Medicine,Pediatric Adolescent Medicine Physician
2080C0008X,Allopathic & Osteopathic Physicians,Pediatrics,Child Abuse Pediatrics,Child Abuse Pediatrics Physician
2080I0007X,Allopathic & Osteopathic Physicians,Pediatrics,Clinical & Laboratory Immunology,Pediatric Clinical & Laboratory Immunology Physician
2080P0006X,Allopathic & Osteopathic Physicians,Pediatrics,Developmental - Behavioral Pediatrics,Developmental - Behavioral Pediatrics Physician
2080H0002X,Allopathic & Osteopathic Physicians,Pediatrics,Hospice and Palliative Medicine,Pediatric Hospice and Palliative Medicine Physician
2080T0002X,Allopathic & Osteopathic Physicians,Pediatrics,Medical Toxicology,Pediatric Medical Toxicology Physician
2080N0001X,Allopathic & Osteopathic Physicians,Pediatrics,Neonatal-Perinatal Medicine,Neonatal-Perinatal Medicine Physician
2080P0008X,Allopathic & Osteopathic Physicians,Pediatrics,Neurodevelopmental Disabilities,Pediatric Neurodevelopmental Disabilities Physician
2080B0002X,Allopathic & Osteopathic Physicians,Pediatrics,Obesity Medicine,Pediatric Obesity Medicine Physician
2080P0201X,Allopathic & Osteopathic Physicians,Pediatrics,Pediatric Allergy/Immunology,Pediatric Allergy/Immunology Physician
2080P0202X,Allopathic & Osteopathic Physicians,Pediatrics,Pediatric Cardiology,Pediatric Cardiology Physician
2080P0203X,Allopathic & Osteopathic Physicians,Pediatrics,Pediatric Critical Care Medicine,Pediatric Critical Care Medicine Physician
2080P0204X,Allopathic & Osteopathic Physicians,Pediatrics,Pediatric Emergency Medicine,Pediatric Emergency Medicine (Pediatrics) Physician
2080P0205X,Allopathic & Osteopathic Physicians,Pediatrics,Pediatric Endocrinology,Pediatric Endocrinology Physician
2080P0206X,Allopathic & Osteopathic Physicians,Pediatrics,Pediatric Gastroenterology,Pediatric Gastroenterology Physician
2080P0207X,Allopathic & Osteopathic Physicians,Pediatrics,Pediatric Hematology-Oncology,Pediatric Hematology & Oncology Physician
2080P0208X,Allopathic & Osteopathic Physicians,Pediatrics,Pediatric Infectious Diseases,Pediatric Infectious Diseases Physician
2080P0210X,Allopathic & Osteopathic Physicians,Pediatrics,Pediatric Nephrology,Pediatric Nephrology Physician
2080P0214X,Allopathic & Osteopathic Physicians,Pediatrics,Pediatric Pulmonology,Pediatric Pulmonology Physician
2080P0216X,Allopathic & Osteopathic Physicians,Pediatrics,Pediatric Rheumatology,Pediatric Rheumatology Physician
2080T0004X,Allopathic & Osteopathic Physicians,Pediatrics,Pediatric Transplant Hepatology,Pediatric Transplant Hepatology Physician
2080P1004X,Allopathic & Osteopathic Physicians,Pediatrics,Physician Nutrition Specialist,Physician Nutrition Specialist (Pediatrics)
2080S0012X,Allopathic & Osteopathic Physicians,Pediatrics,Sleep Medicine,Pediatric Sleep Medicine Physician
2080S0010X,Allopathic & Osteopathic Physicians,Pediatrics,Sports Medicine,Pediatric Sports Medicine Physician
208100000X,Allopathic & Osteopathic Physicians,Physical Medicine & Rehabilitation,,Physical Medicine & Rehabilitation Physician
2081P0301X,Allopathic & Osteopathic Physicians,Physical Medicine & Rehabilitation,Brain Injury Medicine,Brain Injury Medicine (Physical Medicine & Rehabilitation) Physician
2081H0002X,Allopathic & Osteopathic Physicians,Physical Medicine & Rehabilitation,Hospice and Palliative Medicine,Hospice and Palliative Medicine (Physical Medicine & Rehabilitation) Physician
2081N0008X,Allopathic & Osteopathic Physicians,Physical Medicine & Rehabilitation,Neuromuscular Medicine,Neuromuscular Medicine (Physical Medicine & Rehabilitation) Physician
2081P2900X,Allopathic & Osteopathic Physicians,Physical Medicine & Rehabilitation,Pain Medicine,Pain Medicine (Physical Medicine & Rehabilitation) Physician
2081P0010X,Allopathic & Osteopathic Physicians,Physical Medicine & Rehabilitation,Pediatric Rehabilitation Medicine,Pediatric Rehabilitation Medicine Physician
2081P0004X,Allopathic & Osteopathic Physicians,Physical Medicine & Rehabilitation,Spinal Cord Injury Medicine,Spinal Cord Injury Medicine Physician
2081S0010X,Allopathic & Osteopathic Physicians,Physical Medicine & Rehabilitation,Sports Medicine,Sports Medicine (Physical Medicine & Rehabilitation) Physician
208200000X,Allopathic & Osteopathic Physicians,Plastic Surgery,,Plastic Surgery Physician
2082S0099X,Allopathic & Osteopathic Physicians,Plastic Surgery,Plastic Surgery Within the Head and Neck,Plastic Surgery Within the Head and Neck (Plastic Surgery) Physician
2082S0105X,Allopathic & Osteopathic Physicians,Plastic Surgery,Surgery of the Hand,Surgery of the Hand (Plastic Surgery) Physician
2083A0300X,Allopathic & Osteopathic Physicians,Preventive Medicine,Addiction Medicine,Addiction Medicine (Preventive Medicine) Physician
2083A0100X,Allopathic & Osteopathic Physicians,Preventive Medicine,Aerospace Medicine,Aerospace Medicine Physician
2083C0008X,Allopathic & Osteopathic Physicians,Preventive Medicine,Clinical Informatics,Clinical Informatics Physician
2083T0002X,Allopathic & Osteopathic Physicians,Preventive Medicine,Medical Toxicology,Medical Toxicology (Preventive Medicine) Physician
2083B0002X,Allopathic & Osteopathic Physicians,Preventive Medicine,Obesity Medicine,Obesity Medicine (Preventive Medicine) Physician
2083X0100X,Allopathic & Osteopathic Physicians,Preventive Medicine,Occupational Medicine,Occupational Medicine Physician
2083P0500X,Allopathic & Osteopathic Physicians,Preventive Medicine,Preventive Medicine/Occupational Environmental Medicine,Preventive Medicine/Occupational Environmental Medicine Physician
2083P0901X,Allopathic & Osteopathic Physicians,Preventive Medicine,Public Health & General Preventive Medicine,Public Health & General Preventive Medicine Physician
2083S0010X,Allopathic & Osteopathic Physicians,Preventive Medicine,Sports Medicine,Sports Medicine (Preventive Medicine) Physician
2083P0011X,Allopathic & Osteopathic Physicians,Preventive Medicine,Undersea and Hyperbaric Medicine,Undersea and Hyperbaric Medicine (Preventive Medicine) Physician
2084A0401X,Allopathic & Osteopathic Physicians,Psychiatry & Neurology,Addiction Medicine,Addiction Medicine (Psychiatry & Neurology) Physician
2084P0802X,Allopathic & Osteopathic Physicians,Psychiatry & Neurology,Addiction Psychiatry,Addiction Psychiatry Physician
2084B0040X,Allopathic & Osteopathic Physicians,Psychiatry & Neurology,Behavioral Neurology & Neuropsychiatry,Behavioral Neurology & Neuropsychiatry Physician
2084P0301X,Allopathic & Osteopathic Physicians,Psychiatry & Neurology,Brain Injury Medicine,Brain Injury Medicine (Psychiatry & Neurology) Physician
2084P0804X,Allopathic & Osteopathic Physicians,Psychiatry & Neurology,Child & Adolescent Psychiatry,Child & Adolescent Psychiatry Physician
2084N0600X,Allopathic & Osteopathic Physicians,Psychiatry & Neurology,Clinical Neurophysiology,Clinical Neurophysiology Physician
2084D0003X,Allopathic & Osteopathic Physicians,Psychiatry & Neurology,Diagnostic Neuroimaging,Diagnostic Neuroimaging (Psychiatry & Neurology) Physician
2084E0001X,Allopathic & Osteopathic Physicians,Psychiatry & Neurology,Epilepsy,Epilepsy Physician
2084F0202X,Allopathic & Osteopathic Physicians,Psychiatry & Neurology,Forensic Psychiatry,Forensic Psychiatry Physician
2084P0805X,Allopathic & Osteopathic Physicians,Psychiatry & Neurology,Geriatric Psychiatry,Geriatric Psychiatry Physician
2084H0002X,Allopathic & Osteopathic Physicians,Psychiatry & Neurology,Hospice and Palliative Medicine,Hospice and Palliative Medicine (Psychiatry & Neurology) Physician
2084A2900X,Allopathic & Osteopathic Physicians,Psychiatry & Neurology,Neurocritical Care,Neurocritical Care Physician
2084P0005X,Allopathic & Osteopathic Physicians,Psychiatry & Neurology,Neurodevelopmental Disabilities,Neurodevelopmental Disabilities Physician
2084N0400X,Allopathic & Osteopathic Physicians,Psychiatry & Neurology,Neurology,Neurology Physician
2084N0402X,Allopathic & Osteopathic Physicians,Psychiatry & Neurology,Neurology with Special Qualifications in Child Neurology,Neurology with Special Qualifications in Child Neurology Physician
2084N0008X,Allopathic & Osteopathic Physicians,Psychiatry & Neurology,Neuromuscular Medicine,Neuromuscular Medicine (Psychiatry & Neurology) Physician
2084B0002X,Allopathic & Osteopathic Physicians,Psychiatry & Neurology,Obesity Medicine,Obesity Medicine (Psychiatry & Neurology) Physician
2084P2900X,Allopathic & Osteopathic Physicians,Psychiatry & Neurology,Pain Medicine,Pain Medicine (Psychiatry & Neurology) Physician
2084P0800X,Allopathic & Osteopathic Physicians,Psychiatry & Neurology,Psychiatry,Psychiatry Physician
2084P0015X,Allopathic & Osteopathic Physicians,Psychiatry & Neurology,Psychosomatic Medicine,Psychosomatic Medicine Physician
2084S0012X,Allopathic & Osteopathic Physicians,Psychiatry & Neurology,Sleep Medicine,Sleep Medicine (Psychiatry & Neurology) Physician
2084S0010X,Allopathic & Osteopathic Physicians,Psychiatry & Neurology,Sports Medicine,Sports Medicine (Psychiatry & Neurology) Physician
2084V0102X,Allopathic & Osteopathic Physicians,Psychiatry & Neurology,Vascular Neurology,Vascular Neurology Physician
2085B0100X,Allopathic & Osteopathic Physicians,Radiology,Body Imaging,Body Imaging Physician
2085D0003X,Allopathic & Osteopathic Physicians,Radiology,Diagnostic Neuroimaging,Diagnostic Neuroimaging (Radiology) Physician
2085R0202X,Allopathic & Osteopathic Physicians,Radiology,Diagnostic Radiology,Diagnostic Radiology Physician
2085U0001X,Allopathic & Osteopathic Physicians,Radiology,Diagnostic Ultrasound,Diagnostic Ultrasound Physician
2085H0002X,Allopathic & Osteopathic Physicians,Radiology,Hospice and Palliative Medicine,Hospice and Palliative Medicine (Radiology) Physician
2085N0700X,Allopathic & Osteopathic Physicians,Radiology,Neuroradiology,Neuroradiology Physician
2085N0904X,Allopathic & Osteopathic Physicians,Radiology,Nuclear Radiology,Nuclear Radiology Physician
2085P0229X,Allopathic & Osteopathic Physicians,Radiology,Pediatric Radiology,Pediatric Radiology Physician
2085R0001X,Allopathic & Osteopathic Physicians,Radiology,Radiation Oncology,Radiation Oncology Physician
2085R0205X,Allopathic & Osteopathic Physicians,Radiology,Radiological Physics,Radiological Physics Physician
2085R0203X,Allopathic & Osteopathic Physicians,Radiology,Therapeutic Radiology,Therapeutic Radiology Physician
2085R0204X,Allopathic & Osteopathic Physicians,Radiology,Vascular & Interventional Radiology,Vascular & Interventional Radiology Physician
208600000X,Allopathic & Osteopathic Physicians,Surgery,,Surgery Physician
2086H0002X,Allopathic & Osteopathic Physicians,Surgery,Hospice and Palliative Medicine,Hospice and Palliative Medicine (Surgery) Physician
2086S0120X,Allopathic & Osteopathic Physicians,Surgery,Pediatric Surgery,Pediatric Surgery Physician
2086P0122X,Allopathic & Osteopathic Physicians,Surgery,Physician Nutrition Specialist,Physician Nutrition Specialist (Surgery)
2086S0122X,Allopathic & Osteopathic Physicians,Surgery,Plastic and Reconstructive Surgery,Plastic and Reconstructive Surgery Physician
2086S0105X,Allopathic & Osteopathic Physicians,Surgery,Surgery of the Hand,Surgery of the Hand (Surgery) Physician
2086S0102X,Allopathic & Osteopathic Physicians,Surgery,Surgical Critical Care,Surgical Critical Care Physician
2086X0206X,Allopathic & Osteopathic Physicians,Surgery,Surgical Oncology,Surgical Oncology Physician
2086S0127X,Allopathic & Osteopathic Physicians,Surgery,Trauma Surgery,Trauma Surgery Physician
2086S0129X,Allopathic & Osteopathic Physicians,Surgery,Vascular Surgery,Vascular Surgery Physician
208G00000X,Allopathic & Osteopathic Physicians,Thoracic Surgery (Cardiothoracic Vascular Surgery),,Thoracic Surgery (Cardiothoracic Vascular Surgery) Physician
208800000X,Allopathic & Osteopathic Physicians,Urology,,Urology Physician
2088F0040X,Allopathic & Osteopathic Physicians,Urology,Urogynecology and Reconstructive Pelvic Surgery,Urogynecology and Reconstructive Pelvic Surgery (Urology) Physician
2088P0231X,Allopathic & Osteopathic Physicians,Urology,Pediatric Urology,Pediatric Urology Physician
103G00000X,Behavioral Health & Social Service Providers,Clinical Neuropsychologist,,Clinical Neuropsychologist
101Y00000X,Behavioral Health & Social Service Providers,Counselor,,Counselor
101YA0400X,Behavioral Health & Social Service Providers,Counselor,Addiction (Substance Use Disorder),Addiction (Substance Use Disorder) Counselor
101YM0800X,Behavioral Health & Social Service Providers,Counselor,Mental Health,Mental Health Counselor
101YP1600X,Behavioral Health & Social Service Providers,Counselor,Pastoral,Pastoral Counselor
101YP2500X,Behavioral Health & Social Service Providers,Counselor,Professional,Professional Counselor
101YS0200X,Behavioral Health & Social Service Providers,Counselor,School,School Counselor
106H00000X,Behavioral Health & Social Service Providers,Marriage & Family Therapist,,Marriage & Family Therapist
103T00000X,Behavioral Health & Social Service Providers,Psychologist,,Psychologist
103TA0400X,Behavioral Health & Social Service Providers,Psychologist,Addiction (Substance Use Disorder),Addiction (Substance Use Disorder) Psychologist
103TA0700X,Behavioral Health & Social Service Providers,Psychologist,Adult Development & Aging,Adult Development & Aging Psychologist
103TC0700X,Behavioral Health & Social Service Providers,Psychologist,Clinical,Clinical Psychologist
103TC2200X,Behavioral Health & Social Service Providers,Psychologist,Clinical Child & Adolescent,Clinical Child & Adolescent Psychologist
103TB0200X,Behavioral Health & Social Service Providers,Psychologist,Cognitive & Behavioral,Cognitive & Behavioral Psychologist
103TC1900X,Behavioral Health & Social Service Providers,Psychologist,Counseling,Counseling Psychologist
103TE1000X,Behavioral Health & Social Service Providers,Psychologist,Educational,Psychologist
103TE1100X,Behavioral Health & Social Service Providers,Psychologist,Exercise & Sports,Exercise & Sports Psychologist
103TF0000X,Behavioral Health & Social Service Providers,Psychologist,Family,Family Psychologist
103TF0200X,Behavioral Health & Social Service Providers,Psychologist,Forensic,Forensic Psychologist
103TP2701X,Behavioral Health & Social Service Providers,Psychologist,Group Psychotherapy,Group Psychotherapy Psychologist
103TH0004X,Behavioral Health & Social Service Providers,Psychologist,Health,Health Psychologist
103TH0100X,Behavioral Health & Social Service Providers,Psychologist,Health Service,Health Service Psychologist
103TM1700X,Behavioral Health & Social Service Providers,Psychologist,Men & Masculinity,Psychologist Men & Masculinity
103TM1800X,Behavioral Health & Social Service Providers,Psychologist,Intellectual & Developmental Disabilities,Intellectual & Developmental Disabilities Psychologist
103TP0016X,Behavioral Health & Social Service Providers,Psychologist,Prescribing (Medical),Prescribing (Medical) Psychologist
103TP0814X,Behavioral Health & Social Service Providers,Psychologist,Psychoanalysis,Psychoanalysis Psychologist
103TP2700X,Behavioral Health & Social Service Providers,Psychologist,Psychotherapy,Psychologist Psychotherapy
103TR0400X,Behavioral Health & Social Service Providers,Psychologist,Rehabilitation,Rehabilitation Psychologist
103TS0200X,Behavioral Health & Social Service Providers,Psychologist,School,School Psychologist
103TW0100X,Behavioral Health & Social Service Providers,Psychologist,Women,Psychotherapy Women
104100000X,Behavioral Health & Social Service Providers,Social Worker,,Social Worker
1041C0700X,Behavioral Health & Social Service Providers,Social Worker,Clinical,Clinical Social Worker
1041S0200X,Behavioral Health & Social Service Providers,Social Worker,School,School Social Worker
363L00000X,Physician Assistants & Advanced Practice Nursing Providers,Nurse Practitioner,,Nurse Practitioner
363LA2100X,Physician Assistants & Advanced Practice Nursing Providers,Nurse Practitioner,Acute Care,Acute Care Nurse Practitioner
363LA2200X,Physician Assistants & Advanced Practice Nursing Providers,Nurse Practitioner,Adult Health,Adult Health Nurse Practitioner
363LC1500X,Physician Assistants & Advanced Practice Nursing Providers,Nurse Practitioner,Community Health,Community Health Nurse Practitioner
363LC0200X,Physician Assistants & Advanced Practice Nursing Providers,Nurse Practitioner,Critical Care Medicine,Critical Care Medicine Nurse Practitioner
363LF0000X,Physician Assistants & Advanced Practice Nursing Providers,Nurse Practitioner,Family,Family Nurse Practitioner
363LG0600X,Physician Assistants & Advanced Practice Nursing Providers,Nurse Practitioner,Gerontology,Gerontology Nurse Practitioner
363LN0000X,Physician Assistants & Advanced Practice Nursing Providers,Nurse Practitioner,Neonatal,Neonatal Nurse Practitioner
363LN0005X,Physician Assistants & Advanced Practice Nursing Providers,Nurse Practitioner,"Neonatal, Critical Care",Critical Care Neonatal Nurse Practitioner
363LX0001X,Physician Assistants & Advanced Practice Nursing Providers,Nurse Practitioner,Obstetrics & Gynecology,Obstetrics & Gynecology Nurse Practitioner
363LX0106X,Physician Assistants & Advanced Practice Nursing Providers,Nurse Practitioner,Occupational Health,Occupational Health Nurse Practitioner
363LP0200X,Physician Assistants & Advanced Practice Nursing Providers,Nurse Practitioner,Pediatrics,Pediatric Nurse Practitioner
363LP0222X,Physician Assistants & Advanced Practice Nursing Providers,Nurse Practitioner,"Pediatrics, Critical Care",Critical Care Pediatric Nurse Practitioner
363LP1700X,Physician Assistants & Advanced Practice Nursing Providers,Nurse Practitioner,Perinatal,Perinatal Nurse Practitioner
363LP2300X,Physician Assistants & Advanced Practice Nursing Providers,Nurse Practitioner,Primary Care,Primary Care Nurse Practitioner
363LP0808X,Physician Assistants & Advanced Practice Nursing Providers,Nurse Practitioner,Psychiatric/Mental Health,Psychiatric/Mental Health Nurse Practitioner
363LS0200X,Physician Assistants & Advanced Practice Nursing Providers,Nurse Practitioner,School,School Nurse Practitioner
363LW0102X,Physician Assistants & Advanced Practice Nursing Providers,Nurse Practitioner,Women's Health,Women's Health Nurse Practitioner
363A00000X,Physician Assistants & Advanced Practice Nursing Providers,Physician Assistant,,Physician Assistant
363AM0700X,Physician Assistants & Advanced Practice Nursing Providers,Physician Assistant,Medical,Medical Physician Assistant
363AS0400X,Physician Assistants & Advanced Practice Nursing Providers,Physician Assistant,Surgical,Surgical Physician Assistant
